{
  "homebrew_version": "4.1.9",
  "used_options": [

  ],
  "unused_options": [
    "--with-NOmultilib"
  ],
  "built_as_bottle": false,
  "poured_from_bottle": false,
  "loaded_from_api": false,
  "installed_as_dependency": true,
  "installed_on_request": false,
  "changed_files": null,
  "time": 1694053726,
  "source_modified_time": 1693475139,
  "compiler": "clang",
  "aliases": [

  ],
  "runtime_dependencies": [
    {
      "full_name": "gmp",
      "version": "6.2.1",
      "declared_directly": true
    },
    {
      "full_name": "isl",
      "version": "0.26",
      "declared_directly": true
    },
    {
      "full_name": "mpfr",
      "version": "4.2.0-p12",
      "declared_directly": true
    },
    {
      "full_name": "libmpc",
      "version": "1.3.1",
      "declared_directly": true
    },
    {
      "full_name": "lz4",
      "version": "1.9.4",
      "declared_directly": false
    },
    {
      "full_name": "xz",
      "version": "5.4.4",
      "declared_directly": false
    },
    {
      "full_name": "zstd",
      "version": "1.5.5",
      "declared_directly": true
    },
    {
      "full_name": "gettext",
      "version": "0.21.1",
      "declared_directly": false
    }
  ],
  "source": {
    "path": "/opt/homebrew/Library/Taps/riscv-software-src/homebrew-riscv/riscv-gnu-toolchain.rb",
    "tap": "riscv-software-src/riscv",
    "tap_git_head": "94eac5c5c8320a20d1eab10e41b3d39466ecc573",
    "spec": "stable",
    "versions": {
      "stable": "main",
      "head": null,
      "version_scheme": 0
    }
  },
  "arch": "arm64",
  "built_on": {
    "os": "Macintosh",
    "os_version": "macOS 13.5",
    "cpu_family": "arm_firestorm_icestorm",
    "xcode": "14.3.1",
    "clt": "14.3.1.0.1.1683849156",
    "preferred_perl": "5.30"
  }
}